,accuracy,precision,recall,f1,kapppa,set,modelo
0,0.6383233532934132,0.6189376443418014,0.6617283950617284,0.6396181384248211,0.2774498567335244,test,Random Forest
1,0.6865269461077844,0.6771397616468039,0.7348618459729571,0.7048209754722301,0.3718249765398549,train,Random Forest
