,accuracy,precision,recall,f1,kapppa,set,modelo
0,0.592814371257485,0.5714285714285714,0.6419753086419753,0.6046511627906976,0.187812902302961,test,RLog estandarizadas
1,0.6152694610778443,0.6136612021857923,0.6601998824221046,0.6360804304729538,0.22916801367845574,train,RLog estandarizadas
0,0.5688622754491018,0.55125284738041,0.5975308641975309,0.5734597156398104,0.13905198338822866,test,RLog sin estandarizar
1,0.6032934131736527,0.6017316017316018,0.6537330981775427,0.6266553958861653,0.20501390035575429,train,RLog sin estandarizar
