,accuracy,precision,recall,f1,kapppa,set,modelo
0,0.5952095808383233,0.5739514348785872,0.6419753086419753,0.6060606060606061,0.19247496423462096,test,RLog estandarizadas
1,0.6140718562874251,0.6114718614718615,0.6643151087595532,0.6367990983375599,0.2266135226857111,train,RLog estandarizadas
0,0.577245508982036,0.5575221238938053,0.6222222222222222,0.588098016336056,0.1565777237284498,test,RLog sin estandarizar
1,0.6083832335329341,0.6052490626673809,0.6643151087595532,0.633408071748879,0.2150476158305702,train,RLog sin estandarizar
