,accuracy,precision,recall,f1,kapppa,set,modelo
0,0.6107784431137725,0.5921658986175116,0.6345679012345679,0.6126340882002382,0.22247689993553466,test,Decission Tree Esta I
1,1.0,1.0,1.0,1.0,1.0,train,Decission Tree Esta I
0,0.6131736526946108,0.5985576923076923,0.6148148148148148,0.6065773447015833,0.22626407516316427,test,Decision tree Esta II
1,0.6697604790419162,0.6758823529411765,0.6754850088183422,0.6756836224639813,0.33930063809868827,train,Decision tree Esta II
