,accuracy,precision,recall,f1,kapppa,set,modelo
0,0.48502994011976047,0.48502994011976047,1.0,0.6532258064516129,0.0,test,Regresi贸n logistica
1,0.6083832335329341,0.6118383608423449,0.631981187536743,0.6217466743782533,0.21600830951657146,train,Regresi贸n logistica
0,0.6,0.5794183445190156,0.6395061728395062,0.607981220657277,0.20168885072277087,test,Regresi贸n logistica Esta
1,0.6104790419161676,0.6122334455667789,0.6413874191651969,0.626471432672983,0.2199870181530451,train,Regresi贸n logistica Esta
