,MAE,MSE,RMSE,R2,set,modelo
0,1.7305313273399285,4.959695436765696,2.227037367617727,0.5739661581293376,test,Regresión lineal
1,2.002133959522867,6.874219821684665,2.621873342037076,0.47392013609339145,train,Regresión lineal
