,MAE,MSE,RMSE,R2,set,modelo
0,2.4352411684782624,9.06872064082069,3.0114316596630064,0.2210042038427822,test,Decision tree II
1,2.176951237922705,8.224393304649759,2.8678203055020304,0.37059218025352203,train,Decision tree II
